{"status":"done","publicPath":"http://localhost:3000/static/assets/bundles/deve/","chunks":{"app":[{"name":"app_laboratorio.js","publicPath":"http://localhost:3000/static/assets/bundles/deve/app_laboratorio.js","path":"/Users/fabioandresgarciasanchez/PycharmProjects/laboratorio_2/static/assets/bundles/deve/app_laboratorio.js"},{"name":"0.bfa20fd16331801185a9.hot-update.js","publicPath":"http://localhost:3000/static/assets/bundles/deve/0.bfa20fd16331801185a9.hot-update.js","path":"/Users/fabioandresgarciasanchez/PycharmProjects/laboratorio_2/static/assets/bundles/deve/0.bfa20fd16331801185a9.hot-update.js"},{"name":"webpack-style.css","publicPath":"http://localhost:3000/static/assets/bundles/deve/webpack-style.css","path":"/Users/fabioandresgarciasanchez/PycharmProjects/laboratorio_2/static/assets/bundles/deve/webpack-style.css"}]}}